{"loss": [1.3544175624847412, 0.446115106344223, 0.26146399974823, 0.17591184377670288, 0.13276562094688416, 0.10291490703821182, 0.0840701311826706, 0.07027976959943771, 0.059622325003147125, 0.05534209683537483], "accuracy": [0.6027029156684875, 0.8586670756340027, 0.9159114956855774, 0.9417170286178589, 0.9562984704971313, 0.9655309915542603, 0.973127543926239, 0.9768262505531311, 0.9811792969703674, 0.9821751117706299], "val_loss": [0.517638087272644, 0.30878356099128723, 0.17548321187496185, 0.18610058724880219, 0.14838752150535583, 0.11835630983114243, 0.13508625328540802, 0.11640539020299911, 0.12257280945777893, 0.1571865677833557], "val_accuracy": [0.8379239439964294, 0.899897575378418, 0.9425790905952454, 0.9385954737663269, 0.9529364705085754, 0.9634076952934265, 0.9597655534744263, 0.9640336632728577, 0.960050106048584, 0.9549852013587952]}